timestamp,open,high,low,close,volume,RSI,symbol,fundingRate,markPrice
2024-11-22 03:00:00,257.92000000,264.39000000,257.01000000,262.48,533317.88000000,,,,
2024-11-22 04:00:00,262.48000000,262.80000000,260.05000000,260.82,225432.92000000,,,,
2024-11-22 05:00:00,260.81000000,262.59000000,259.50000000,260.53,171015.51700000,,,,
2024-11-22 06:00:00,260.52000000,261.13000000,257.84000000,259.15,204908.50600000,,,,
2024-11-22 07:00:00,259.15000000,261.01000000,258.45000000,259.22,257763.99600000,,,,
2024-11-22 08:00:00,259.23000000,260.96000000,258.54000000,259.82,139695.90700000,,SOLUSDT,0.00022593,259.37145809
2024-11-22 09:00:00,259.83000000,259.97000000,258.30000000,258.47,187277.30100000,,,,
2024-11-22 10:00:00,258.46000000,259.02000000,256.50000000,257.21,159790.86900000,,,,
2024-11-22 11:00:00,257.21000000,259.51000000,256.23000000,259.26,152761.27100000,,,,
2024-11-22 12:00:00,259.26000000,260.35000000,258.50000000,259.96,157888.75500000,,,,
2024-11-22 13:00:00,259.95000000,259.99000000,252.93000000,254.96,474661.12500000,,,,
2024-11-22 14:00:00,254.96000000,257.03000000,252.48000000,253.34,277148.20800000,,,,
2024-11-22 15:00:00,253.35000000,256.65000000,252.85000000,256.38,256228.17600000,,,,
2024-11-22 16:00:00,256.38000000,256.38000000,253.92000000,255.16,195528.75900000,34.575626073720116,,,
2024-11-22 17:00:00,255.15000000,255.99000000,253.91000000,254.37,172023.51900000,32.69919763682775,,,
2024-11-22 18:00:00,254.37000000,255.06000000,251.47000000,252.9,185159.01500000,29.491897546286992,,,
2024-11-22 19:00:00,252.91000000,255.37000000,251.48000000,254.04,189840.51200000,34.83040351061838,,,
2024-11-22 20:00:00,254.04000000,255.44000000,253.28000000,255.15,128932.50800000,39.62386072205774,,,
2024-11-22 21:00:00,255.16000000,257.91000000,253.59000000,257.26,138261.45900000,47.52516939372631,,,
2024-11-22 22:00:00,257.26000000,257.48000000,254.60000000,254.84,116881.99600000,40.91210031849271,,,
2024-11-22 23:00:00,254.84000000,256.90000000,254.46000000,256.9,109582.03100000,47.596688480568766,,,
2024-11-23 00:00:00,256.90000000,257.73000000,255.30000000,255.45,166597.16400000,43.837394402898646,SOLUSDT,0.0001,257.03697866
2024-11-23 01:00:00,255.46000000,257.74000000,254.55000000,256.57,184075.34000000,47.29978944177945,,,
2024-11-23 02:00:00,256.57000000,256.66000000,253.34000000,254.26,152639.97300000,41.6029712693689,,,
2024-11-23 03:00:00,254.25000000,257.34000000,253.46000000,257.2,169360.70500000,49.87721612742669,,,
2024-11-23 04:00:00,257.20000000,264.00000000,256.90000000,262.11,598828.75500000,60.05622643917818,,,
2024-11-23 05:00:00,262.10000000,263.49000000,258.13000000,259.9,210183.21500000,54.67417241219939,,,
2024-11-23 06:00:00,259.89000000,260.30000000,258.54000000,259.21,138149.10400000,53.07490624840893,,,
2024-11-23 07:00:00,259.21000000,260.48000000,257.42000000,258.26,118411.34300000,50.868689008756526,,,
2024-11-23 08:00:00,258.27000000,259.46000000,257.50000000,257.98,132120.40600000,50.206265004303745,SOLUSDT,0.00028946,258.45000000
2024-11-23 09:00:00,257.97000000,259.07000000,257.42000000,258.16,90883.93700000,50.65116416416956,,,
2024-11-23 10:00:00,258.16000000,258.83000000,256.50000000,256.76,141620.27300000,47.124426364593944,,,
2024-11-23 11:00:00,256.77000000,257.36000000,255.80000000,256.14,117034.28600000,45.609851529396096,,,
2024-11-23 12:00:00,256.13000000,258.30000000,255.91000000,257.55,145862.11800000,49.57875326535277,,,
2024-11-23 13:00:00,257.56000000,260.18000000,257.54000000,259.79,206550.53600000,55.17485263105955,,,
2024-11-23 14:00:00,259.79000000,263.37000000,258.70000000,262.83,406475.81200000,61.43116726261855,,,
2024-11-23 15:00:00,262.82000000,263.60000000,259.52000000,259.71,304944.19000000,53.22110523342098,,,
2024-11-23 16:00:00,259.71000000,260.30000000,254.72000000,256.64,503432.19500000,46.61891149122919,SOLUSDT,0.00025577,259.94000000
2024-11-23 17:00:00,256.65000000,258.16000000,254.76000000,257.21,313033.62400000,47.91093989153764,,,
2024-11-23 18:00:00,257.20000000,257.21000000,255.35000000,256.14,110830.00500000,45.67599775766676,,,
2024-11-23 19:00:00,256.15000000,256.72000000,254.15000000,254.39,130667.53800000,42.208099523124666,,,
2024-11-23 20:00:00,254.38000000,255.49000000,252.69000000,255.46,186507.00700000,44.9597249232659,,,
2024-11-23 21:00:00,255.47000000,255.76000000,254.21000000,255.33,129442.12300000,44.68137371665031,,,
2024-11-23 22:00:00,255.34000000,256.06000000,254.50000000,254.95,82084.75400000,43.82721560267418,,,
2024-11-23 23:00:00,254.96000000,255.32000000,252.90000000,254.89,97048.82400000,43.68521226857639,,,
2024-11-24 00:00:00,254.90000000,258.38000000,254.49000000,258.15,134763.64300000,52.66016958694511,,,
2024-11-24 01:00:00,258.15000000,259.78000000,257.88000000,258.67,159967.89800000,53.92164088205178,,,
2024-11-24 02:00:00,258.68000000,259.52000000,258.16000000,258.41,93401.06900000,53.158892514297676,,,
2024-11-24 03:00:00,258.41000000,259.15000000,257.32000000,258.57,99729.75800000,53.59392763397265,,,
2024-11-24 04:00:00,258.58000000,259.20000000,255.64000000,256.86,86145.13500000,48.4182516734476,,,
2024-11-24 05:00:00,256.86000000,257.25000000,254.06000000,255.15,108786.63900000,43.857085037230796,,,
2024-11-24 06:00:00,255.16000000,256.48000000,254.16000000,256.15,81863.77400000,47.00135737654901,,,
2024-11-24 07:00:00,256.15000000,256.70000000,255.47000000,256.63,48906.57300000,48.49250802535726,,,
2024-11-24 08:00:00,256.63000000,256.75000000,253.85000000,254.01,105872.89600000,41.61064587273679,SOLUSDT,0.00033189,256.84000000
2024-11-24 09:00:00,254.02000000,255.20000000,253.00000000,254.4,122356.96600000,42.90944967503505,,,
2024-11-24 10:00:00,254.39000000,254.57000000,248.55000000,251.95,225043.56600000,37.2968036310833,,,
2024-11-24 11:00:00,251.95000000,252.30000000,248.00000000,248.39,306684.76300000,30.95983030991613,,,
2024-11-24 12:00:00,248.39000000,250.21000000,240.93000000,244.81,454853.95200000,26.148410321316817,,,
2024-11-24 13:00:00,244.82000000,249.01000000,243.33000000,247.64,283846.86600000,34.77741660826497,,,
2024-11-24 14:00:00,247.64000000,247.81000000,244.30000000,247.31,197639.64700000,34.27451338103221,,,
2024-11-24 15:00:00,247.31000000,247.69000000,244.03000000,244.17,200980.99200000,29.851185973189686,,,
2024-11-24 16:00:00,244.18000000,248.65000000,243.66000000,246.84,193377.32900000,37.26518778540615,SOLUSDT,0.00025244,244.39219352
2024-11-24 17:00:00,246.84000000,248.09000000,245.37000000,247.55,103150.38100000,39.10817826941026,,,
2024-11-24 18:00:00,247.54000000,250.44000000,247.05000000,249.74,112032.23800000,44.52202027548598,,,
2024-11-24 19:00:00,249.74000000,249.88000000,247.60000000,248.58,73047.83900000,42.37302887796291,,,
2024-11-24 20:00:00,248.57000000,254.00000000,248.14000000,250.75,126121.65000000,47.48008099230056,,,
2024-11-24 21:00:00,250.75000000,251.48000000,249.50000000,251.0,82590.68300000,48.051275916390345,,,
2024-11-24 22:00:00,250.99000000,253.47000000,250.71000000,253.47,116404.13200000,53.43920984689178,,,
2024-11-24 23:00:00,253.46000000,254.76000000,252.32000000,252.73,147677.42300000,51.708868209976714,,,
2024-11-25 00:00:00,252.74000000,253.18000000,250.50000000,251.06,103367.96200000,47.9365522583762,SOLUSDT,0.00014445,252.92737130
2024-11-25 01:00:00,251.06000000,251.40000000,245.70000000,248.55,133506.67600000,42.873901516666784,,,
2024-11-25 02:00:00,248.55000000,251.57000000,248.39000000,249.97,94534.58800000,46.32742871268884,,,
2024-11-25 03:00:00,249.98000000,252.86000000,249.73000000,252.46,90616.91200000,51.826987036167246,,,
2024-11-25 04:00:00,252.45000000,253.82000000,251.89000000,252.38,122177.93300000,51.643894887036886,,,
2024-11-25 05:00:00,252.38000000,254.05000000,252.35000000,253.19,93829.62900000,53.43751166249293,,,
2024-11-25 06:00:00,253.19000000,253.96000000,251.66000000,251.91,115642.91100000,50.26465340827914,,,
2024-11-25 07:00:00,251.91000000,254.06000000,251.65000000,253.28,97131.44600000,53.45043055872299,,,
2024-11-25 08:00:00,253.28000000,255.20000000,253.04000000,254.75,112309.40800000,56.65844410157796,SOLUSDT,0.00019888,253.45837047
2024-11-25 09:00:00,254.76000000,256.70000000,254.56000000,254.83,155039.72300000,56.83279803900958,,,
2024-11-25 10:00:00,254.83000000,255.67000000,253.09000000,253.9,132508.45800000,54.107808431240024,,,
2024-11-25 11:00:00,253.90000000,253.95000000,251.26000000,252.17,112417.77600000,49.366024061686915,,,
2024-11-25 12:00:00,252.17000000,252.55000000,250.20000000,251.11,112703.56400000,46.66741456944504,,,
2024-11-25 13:00:00,251.10000000,251.74000000,246.58000000,248.05,255061.37200000,39.88850424368342,,,
2024-11-25 14:00:00,248.05000000,248.98000000,242.01000000,242.06,363906.36300000,30.537311209134018,,,
2024-11-25 15:00:00,242.06000000,247.37000000,235.04000000,244.97,769568.44800000,38.12618009849298,,,
2024-11-25 16:00:00,244.97000000,246.13000000,241.41000000,243.01,266329.10700000,35.32670650364665,SOLUSDT,0.00010485,245.07000000
2024-11-25 17:00:00,243.02000000,243.06000000,237.26000000,239.92,324819.14200000,31.410905381547224,,,
2024-11-25 18:00:00,239.93000000,242.10000000,238.76000000,239.94,143514.79800000,31.46385871751147,,,
2024-11-25 19:00:00,239.94000000,241.00000000,237.59000000,239.65,168097.75000000,31.089059628729032,,,
2024-11-25 20:00:00,239.65000000,241.15000000,238.43000000,239.91,150017.04200000,31.87261250956702,,,
2024-11-25 21:00:00,239.91000000,240.81000000,235.37000000,238.67,219873.43400000,30.113956216357224,,,
2024-11-25 22:00:00,238.67000000,238.67000000,231.21000000,236.75,404071.73300000,27.576670554023153,,,
2024-11-25 23:00:00,236.74000000,237.87000000,233.71000000,234.18,158590.14200000,24.59006538590495,,,
2024-11-26 00:00:00,234.18000000,238.78000000,233.57000000,235.42,202975.54000000,28.607613849011173,SOLUSDT,0.0001,234.29000000
2024-11-26 01:00:00,235.42000000,237.94000000,235.33000000,237.5,120162.87900000,34.875265607427465,,,
2024-11-26 02:00:00,237.49000000,239.62000000,237.09000000,238.74,141470.75200000,38.35005651968277,,,
2024-11-26 03:00:00,238.75000000,238.88000000,235.99000000,237.45,117106.84000000,36.18690537725984,,,
2024-11-26 04:00:00,237.44000000,237.89000000,235.91000000,237.2,83628.37200000,35.76586420902753,,,
2024-11-26 05:00:00,237.19000000,238.75000000,236.51000000,238.72,75360.68800000,40.313031200694184,,,
2024-11-26 06:00:00,238.72000000,239.66000000,237.72000000,238.31,110018.46400000,39.50075199782371,,,
2024-11-26 07:00:00,238.32000000,238.35000000,234.97000000,235.73,160022.12500000,34.75507051801718,,,
2024-11-26 08:00:00,235.72000000,235.89000000,230.83000000,232.65,458952.63800000,30.105111212796842,SOLUSDT,0.0001,235.82000000
2024-11-26 09:00:00,232.65000000,236.60000000,232.29000000,233.98,251490.14000000,34.19911571546257,,,
2024-11-26 10:00:00,233.98000000,234.83000000,226.94000000,227.0,305430.34700000,25.693369429480143,,,
2024-11-26 11:00:00,227.01000000,228.50000000,221.80000000,227.73,580432.03600000,27.718154367937984,,,
2024-11-26 12:00:00,227.73000000,229.77000000,225.82000000,227.69,319097.87200000,27.673656449806387,,,
2024-11-26 13:00:00,227.68000000,229.67000000,226.11000000,227.9,202063.76600000,28.32422307465073,,,
2024-11-26 14:00:00,227.91000000,232.64000000,225.81000000,230.79,402155.65400000,36.75529290741271,,,
2024-11-26 15:00:00,230.79000000,231.68000000,227.08000000,227.36,272329.48100000,31.951517184623853,,,
2024-11-26 16:00:00,227.36000000,232.49000000,226.61000000,231.76,226302.88800000,42.358835152634704,SOLUSDT,0.0001,227.38613496
2024-11-26 17:00:00,231.76000000,231.84000000,229.74000000,230.19,104473.65000000,40.00760782697484,,,
2024-11-26 18:00:00,230.19000000,230.30000000,223.40000000,225.9,254943.73900000,34.390292490150344,,,
2024-11-26 19:00:00,225.91000000,229.06000000,225.36000000,229.03,157306.05000000,40.909240544455294,,,
2024-11-26 20:00:00,229.03000000,231.84000000,227.40000000,230.7,186229.83300000,44.1005837254334,,,
2024-11-26 21:00:00,230.71000000,231.57000000,228.99000000,230.22,117711.97300000,43.37546761180638,,,
2024-11-26 22:00:00,230.25000000,232.20000000,229.74000000,229.92,101284.81200000,42.9006878756651,,,
2024-11-26 23:00:00,229.92000000,231.26000000,229.48000000,230.69,61670.91700000,44.5775144859321,,,
2024-11-27 00:00:00,230.69000000,232.75000000,229.31000000,229.62,104797.97800000,42.700912495292556,SOLUSDT,0.0001,230.71562608
2024-11-27 01:00:00,229.62000000,232.30000000,228.14000000,232.11,114566.94700000,48.1691219537621,,,
2024-11-27 02:00:00,232.12000000,233.81000000,230.00000000,233.71,99255.22800000,51.37995768531229,,,
2024-11-27 03:00:00,233.72000000,233.76000000,231.25000000,231.51,128577.61200000,47.06282956455647,,,
2024-11-27 04:00:00,231.51000000,233.78000000,229.64000000,229.99,241238.86700000,44.29366717891639,,,
2024-11-27 05:00:00,230.00000000,230.03000000,227.51000000,228.78,151440.51400000,42.16667351527592,,,
2024-11-27 06:00:00,228.78000000,231.94000000,228.76000000,230.65,126139.72000000,46.44674799119464,,,
2024-11-27 07:00:00,230.64000000,234.99000000,230.43000000,234.34,170042.25900000,53.72444878633257,,,
2024-11-27 08:00:00,234.35000000,234.45000000,233.03000000,233.46,124809.55500000,51.9125993190414,SOLUSDT,0.0001,234.33000000
2024-11-27 09:00:00,233.46000000,233.87000000,232.04000000,233.62,104415.64500000,52.22805984117855,,,
2024-11-27 10:00:00,233.62000000,237.08000000,232.77000000,235.92,195406.45000000,56.63231518687123,,,
2024-11-27 11:00:00,235.92000000,236.33000000,234.09000000,235.0,220295.22200000,54.469125096508705,,,
2024-11-27 12:00:00,234.99000000,235.27000000,232.61000000,234.63,189075.46700000,53.58267691182592,,,
2024-11-27 13:00:00,234.63000000,237.80000000,234.00000000,237.8,183520.74800000,59.64261509327527,,,
2024-11-27 14:00:00,237.79000000,240.00000000,236.51000000,239.39,269489.96900000,62.301129321686915,,,
2024-11-27 15:00:00,239.39000000,240.91000000,237.58000000,240.59,220904.24200000,64.21698046604848,,,
2024-11-27 16:00:00,240.59000000,241.14000000,238.27000000,238.75,258875.06800000,59.24524320981868,,,
2024-11-27 17:00:00,238.74000000,240.11000000,237.71000000,239.82,119965.33100000,61.12986817546673,,,
2024-11-27 18:00:00,239.82000000,240.56000000,238.99000000,239.51,128825.02500000,60.26042456372062,,,
2024-11-27 19:00:00,239.52000000,240.43000000,238.63000000,239.07,95203.55400000,58.97822586458955,,,
2024-11-27 20:00:00,239.06000000,243.00000000,238.78000000,241.66,213347.44800000,63.8537188703972,,,
2024-11-27 21:00:00,241.67000000,242.44000000,239.36000000,240.06,110006.55800000,59.17479715918259,,,
2024-11-27 22:00:00,240.06000000,242.11000000,239.78000000,240.67,103398.89500000,60.36716234376356,,,
2024-11-27 23:00:00,240.67000000,243.33000000,240.25000000,241.96,133685.99500000,62.838962336749894,,,
2024-11-28 00:00:00,241.96000000,245.28000000,240.54000000,245.1,210832.50500000,68.06062894162703,SOLUSDT,0.0001,242.03955937
2024-11-28 01:00:00,245.11000000,245.11000000,242.10000000,243.61,118201.36800000,63.50086605849731,,,
2024-11-28 02:00:00,243.61000000,244.99000000,241.86000000,242.14,103311.73400000,59.28119134278857,,,
2024-11-28 03:00:00,242.13000000,242.85000000,238.10000000,240.01,176478.57200000,53.71170415796399,,,
2024-11-28 04:00:00,240.01000000,241.15000000,239.22000000,240.15,97463.45500000,54.017494687814484,,,
2024-11-28 05:00:00,240.14000000,240.83000000,237.72000000,238.32,117591.02800000,49.4215292266389,,,
2024-11-28 06:00:00,238.33000000,238.87000000,236.61000000,238.46,169505.75500000,49.773604849928034,,,
2024-11-28 07:00:00,238.45000000,239.55000000,237.36000000,238.02,92991.67500000,48.627919716743726,,,
2024-11-28 08:00:00,238.03000000,239.14000000,236.56000000,238.65,124353.35300000,50.38875551757364,SOLUSDT,0.0001,238.01727444
2024-11-28 09:00:00,238.64000000,238.82000000,235.63000000,235.75,134335.36100000,43.070410936166766,,,
2024-11-28 10:00:00,235.76000000,236.76000000,234.37000000,235.61,126380.68600000,42.747631395803474,,,
2024-11-28 11:00:00,235.61000000,237.55000000,234.51000000,236.9,100388.24800000,46.710545133602196,,,
2024-11-28 12:00:00,236.89000000,237.24000000,234.84000000,235.88,108015.01200000,44.11062777437167,,,
2024-11-28 13:00:00,235.88000000,236.89000000,234.01000000,236.47,126775.14100000,45.983497593917406,,,
2024-11-28 14:00:00,236.46000000,237.73000000,234.73000000,235.26,123963.61400000,42.81473527569117,,,
2024-11-28 15:00:00,235.25000000,236.05000000,232.80000000,233.06,189359.59000000,37.72454860598149,,,
2024-11-28 16:00:00,233.06000000,235.75000000,233.06000000,234.76,86908.23000000,43.33110405443786,SOLUSDT,0.0001,233.03019139
2024-11-28 17:00:00,234.75000000,236.40000000,234.75000000,235.2,75040.60900000,44.718335070469195,,,
2024-11-28 18:00:00,235.21000000,237.04000000,235.21000000,236.67,89452.36400000,49.19315541377123,,,
2024-11-28 19:00:00,236.66000000,236.66000000,234.57000000,235.47,117958.98300000,45.92507342480941,,,
2024-11-28 20:00:00,235.47000000,236.16000000,234.90000000,235.76,38397.76100000,46.844127258903406,,,
2024-11-28 21:00:00,235.76000000,236.66000000,235.51000000,235.81,48598.54100000,47.01134586216587,,,
2024-11-28 22:00:00,235.81000000,238.00000000,235.61000000,237.96,55458.54600000,53.748984981429146,,,
2024-11-28 23:00:00,237.95000000,238.35000000,236.88000000,237.59,62270.92900000,52.51153537770314,,,
2024-11-29 00:00:00,237.58000000,238.80000000,236.71000000,236.88,68865.53300000,50.126651403675105,SOLUSDT,0.0001,237.60430550
2024-11-29 01:00:00,236.88000000,238.30000000,236.55000000,238.0,53679.90000000,53.69894986840444,,,
2024-11-29 02:00:00,238.00000000,241.55000000,237.97000000,241.5,135656.17700000,62.69214795102513,,,
2024-11-29 03:00:00,241.50000000,243.11000000,241.14000000,241.98,175738.86200000,63.732543052290545,,,
2024-11-29 04:00:00,241.97000000,242.18000000,240.20000000,240.51,96633.93800000,58.3645949382369,,,
2024-11-29 05:00:00,240.51000000,242.20000000,240.11000000,240.57,94543.97700000,58.51817101080434,,,
2024-11-29 06:00:00,240.57000000,241.28000000,239.84000000,240.72,87496.37900000,58.926069148588034,,,
2024-11-29 07:00:00,240.72000000,241.54000000,237.54000000,237.65,168750.66300000,48.429733602358105,,,
2024-11-29 08:00:00,237.66000000,239.17000000,237.66000000,238.98,82724.77100000,52.38665040255464,SOLUSDT,0.0001,237.66607857
2024-11-29 09:00:00,238.98000000,240.86000000,238.74000000,240.42,89523.09500000,56.296576403089645,,,
2024-11-29 10:00:00,240.42000000,241.80000000,240.26000000,241.77,93518.26900000,59.64252844567344,,,
2024-11-29 11:00:00,241.77000000,245.49000000,241.47000000,245.22,171843.32900000,66.66613178111987,,,
2024-11-29 12:00:00,245.22000000,246.77000000,242.09000000,243.06,262884.17900000,59.66490248079972,,,
2024-11-29 13:00:00,243.06000000,243.83000000,242.43000000,243.48,108477.62200000,60.53283351104156,,,
2024-11-29 14:00:00,243.49000000,245.03000000,242.58000000,245.02,135028.94900000,63.623677008470096,,,
2024-11-29 15:00:00,245.02000000,246.59000000,242.56000000,243.5,215862.32300000,58.734436257402145,,,
2024-11-29 16:00:00,243.51000000,244.55000000,241.92000000,241.94,180271.54700000,54.13634795950893,SOLUSDT,0.0001,243.57000000
2024-11-29 17:00:00,241.94000000,242.27000000,240.20000000,240.23,183231.10700000,49.55659399364506,,,
2024-11-29 18:00:00,240.22000000,242.44000000,239.97000000,241.94,126678.87600000,53.768475019691095,,,
2024-11-29 19:00:00,241.93000000,241.94000000,240.08000000,241.14,65125.64800000,51.597864134302846,,,
2024-11-29 20:00:00,241.14000000,242.79000000,240.95000000,242.48,54065.27200000,54.88328649344785,,,
2024-11-29 21:00:00,242.47000000,244.38000000,242.24000000,244.31,83773.70000000,58.97843693843227,,,
2024-11-29 22:00:00,244.31000000,245.30000000,243.76000000,243.82,91302.49100000,57.474136663294054,,,
2024-11-29 23:00:00,243.81000000,244.82000000,243.15000000,243.33,65129.47200000,55.93764524120075,,,
2024-11-30 00:00:00,243.33000000,243.35000000,240.19000000,240.56,124880.29400000,48.10798025198418,SOLUSDT,0.0001,243.42000000
2024-11-30 01:00:00,240.56000000,241.33000000,239.01000000,240.25,115843.01100000,47.309879988208145,,,
2024-11-30 02:00:00,240.25000000,242.13000000,240.00000000,241.95,95106.78600000,52.01151863718548,,,
2024-11-30 03:00:00,241.95000000,243.25000000,241.13000000,242.88,60204.34500000,54.408279749999295,,,
2024-11-30 04:00:00,242.89000000,243.24000000,241.96000000,242.24,52938.87100000,52.46627760701946,,,
2024-11-30 05:00:00,242.23000000,243.92000000,241.57000000,243.72,78429.64700000,56.34661148455094,,,
2024-11-30 06:00:00,243.72000000,244.82000000,242.03000000,242.74,138823.42600000,53.24697169730381,,,
2024-11-30 07:00:00,242.75000000,245.13000000,242.09000000,244.23,132954.02600000,57.11013427633417,,,
2024-11-30 08:00:00,244.22000000,245.40000000,243.39000000,244.18,152949.79500000,56.94010647714825,SOLUSDT,0.0001,244.35803166
2024-11-30 09:00:00,244.17000000,244.96000000,243.12000000,243.75,91319.04200000,55.4122051087471,,,
2024-11-30 10:00:00,243.74000000,243.88000000,240.18000000,240.38,129363.45800000,45.179996868847994,,,
2024-11-30 11:00:00,240.37000000,242.17000000,240.06000000,241.46,99384.26000000,48.4643527513383,,,
2024-11-30 12:00:00,241.47000000,243.08000000,241.18000000,242.43,83270.04400000,51.28719712061723,,,
2024-11-30 13:00:00,242.43000000,242.68000000,240.43000000,240.51,110511.91400000,45.9250025663616,,,
2024-11-30 14:00:00,240.50000000,241.61000000,238.92000000,239.13,130505.32400000,42.486662998844864,,,
2024-11-30 15:00:00,239.13000000,240.19000000,238.65000000,239.87,106043.22300000,44.870207424556845,,,
2024-11-30 16:00:00,239.87000000,240.55000000,239.05000000,240.1,66657.47700000,45.62449814035831,SOLUSDT,0.0001,240.00000000
2024-11-30 17:00:00,240.10000000,240.12000000,238.82000000,239.83,56380.89500000,44.84874540797886,,,
2024-11-30 18:00:00,239.83000000,240.20000000,238.84000000,239.72,58187.24700000,44.51665119731377,,,
2024-11-30 19:00:00,239.73000000,240.36000000,238.99000000,239.92,67480.83600000,45.30959811386535,,,
2024-11-30 20:00:00,239.91000000,241.00000000,239.58000000,240.93,69803.33700000,49.25381601629572,,,
2024-11-30 21:00:00,240.93000000,241.17000000,240.26000000,240.57,58650.97200000,47.92704418905943,,,
2024-11-30 22:00:00,240.57000000,240.59000000,237.91000000,238.41,126651.06400000,40.82172428268996,,,
2024-11-30 23:00:00,238.40000000,239.27000000,237.50000000,237.6,72917.52200000,38.51573576563721,,,
2024-12-01 00:00:00,237.60000000,239.89000000,237.01000000,237.57,119842.89300000,38.42914980277067,SOLUSDT,0.00011575,237.73000000
2024-12-01 01:00:00,237.57000000,239.68000000,236.51000000,236.89,131042.65600000,36.430019783424385,,,
2024-12-01 02:00:00,236.90000000,237.40000000,234.10000000,234.56,161852.99500000,30.563108974536533,,,
2024-12-01 03:00:00,234.57000000,236.45000000,234.50000000,235.67,74737.37200000,35.862363416308625,,,
2024-12-01 04:00:00,235.66000000,236.89000000,235.04000000,236.72,53153.35400000,40.48907284294189,,,
2024-12-01 05:00:00,236.71000000,236.76000000,235.21000000,235.31,71535.35000000,36.664208125192886,,,
2024-12-01 06:00:00,235.31000000,236.46000000,235.02000000,235.61,54783.37300000,38.00608943825392,,,
2024-12-01 07:00:00,235.60000000,236.44000000,235.30000000,235.46,76163.30200000,37.57739655308022,,,
2024-12-01 08:00:00,235.46000000,238.74000000,235.35000000,238.5,188155.27900000,49.90900567559062,SOLUSDT,0.0001,235.61560020
2024-12-01 09:00:00,238.50000000,238.67000000,236.82000000,237.56,101533.54000000,46.82846632740228,,,
2024-12-01 10:00:00,237.55000000,237.63000000,235.52000000,236.16,59127.38300000,42.61009142603059,,,
2024-12-01 11:00:00,236.16000000,237.28000000,236.06000000,237.09,57767.88200000,46.08455700867222,,,
2024-12-01 12:00:00,237.09000000,237.36000000,236.52000000,236.96,71179.10100000,45.66834667618496,,,
2024-12-01 13:00:00,236.96000000,238.45000000,236.15000000,237.85,138957.04800000,49.06026553654358,,,
2024-12-01 14:00:00,237.84000000,238.73000000,236.81000000,238.1,111038.62400000,50.0044536696726,,,
2024-12-01 15:00:00,238.10000000,239.32000000,237.17000000,238.5,106081.33700000,51.55178841322582,,,
2024-12-01 16:00:00,238.51000000,239.41000000,238.00000000,238.08,97340.87600000,49.80865062609571,SOLUSDT,0.00021606,238.69626260
2024-12-01 17:00:00,238.08000000,238.09000000,236.17000000,237.02,105584.68700000,45.61637339498535,,,
2024-12-01 18:00:00,237.01000000,237.62000000,235.94000000,236.18,59689.14700000,42.55935297948994,,,
2024-12-01 19:00:00,236.18000000,236.99000000,235.05000000,236.29,130154.53700000,43.097139319605645,,,
2024-12-01 20:00:00,236.28000000,236.62000000,234.20000000,235.7,122446.36300000,40.88603395407297,,,
2024-12-01 21:00:00,235.71000000,237.63000000,235.14000000,237.24,112706.52700000,48.33672148204205,,,
2024-12-01 22:00:00,237.25000000,238.77000000,236.42000000,238.28,103612.45000000,52.67478722397581,,,
2024-12-01 23:00:00,238.27000000,239.08000000,236.50000000,236.8,127386.87800000,46.66917422993558,,,
2024-12-02 00:00:00,236.79000000,237.06000000,234.50000000,235.0,170500.54500000,40.60551181557408,,,
2024-12-02 01:00:00,235.00000000,237.92000000,234.56000000,237.75,249927.92000000,51.06616936220622,,,
2024-12-02 02:00:00,237.74000000,238.20000000,233.37000000,234.04,226969.35900000,40.66161729093137,,,
2024-12-02 03:00:00,234.04000000,234.64000000,228.00000000,228.47,407960.42600000,30.585876150426955,,,
2024-12-02 04:00:00,228.46000000,230.21000000,226.30000000,229.37,449127.35000000,33.45519307412965,,,
2024-12-02 05:00:00,229.38000000,230.30000000,227.94000000,228.5,207692.28800000,32.07494234724011,,,
2024-12-02 06:00:00,228.50000000,228.70000000,225.93000000,228.36,187922.25700000,31.847244058633592,,,
2024-12-02 07:00:00,228.37000000,229.18000000,226.85000000,228.62,185806.25300000,32.80132362895141,,,
2024-12-02 08:00:00,228.62000000,228.80000000,223.09000000,225.73,398571.48500000,28.093536983579227,,,
2024-12-02 09:00:00,225.73000000,227.89000000,225.25000000,227.82,170066.86700000,35.323035292454804,,,
2024-12-02 10:00:00,227.82000000,227.86000000,222.84000000,223.59,231807.55500000,28.973763610555693,,,
2024-12-02 11:00:00,223.58000000,225.33000000,222.97000000,224.77,180874.09000000,32.61266669655414,,,
2024-12-02 12:00:00,224.78000000,225.46000000,221.61000000,222.11,237522.57800000,29.005129569124975,,,
2024-12-02 13:00:00,222.11000000,225.82000000,221.70000000,225.82,260608.17900000,39.120315036030505,,,
2024-12-02 14:00:00,225.81000000,227.77000000,224.50000000,225.7,240355.15300000,38.927122120494,,,
2024-12-02 15:00:00,225.70000000,229.60000000,224.47000000,229.21,370196.36100000,47.14869846198445,,,
2024-12-02 16:00:00,229.21000000,229.94000000,224.28000000,226.24,350229.40800000,41.996909576000206,SOLUSDT,0.00026772,229.36000000
2024-12-02 17:00:00,226.24000000,227.14000000,220.00000000,220.5,341171.73000000,34.21560084655455,,,
2024-12-02 18:00:00,220.50000000,224.31000000,220.40000000,223.51,185890.30600000,40.44690483074398,,,
2024-12-02 19:00:00,223.51000000,223.98000000,220.49000000,223.98,195184.78700000,41.38061762496692,,,
2024-12-02 20:00:00,223.97000000,225.13000000,222.11000000,222.93,155476.59600000,39.87643215187737,,,
2024-12-02 21:00:00,222.93000000,223.64000000,221.21000000,222.18,207907.24600000,38.79175498665868,,,
2024-12-02 22:00:00,222.17000000,224.65000000,221.70000000,224.44,139588.37300000,43.75641021991278,,,
2024-12-02 23:00:00,224.44000000,225.86000000,224.05000000,225.72,116703.16300000,46.40776154046288,,,
2024-12-03 00:00:00,225.73000000,226.54000000,224.38000000,225.69,164861.71700000,46.352609142490095,SOLUSDT,0.00032728,225.87000000
2024-12-03 01:00:00,225.68000000,226.60000000,223.79000000,224.03,302615.47900000,43.28709227835279,,,
2024-12-03 02:00:00,224.03000000,229.32000000,223.15000000,228.26,268135.52600000,51.998719954926386,,,
2024-12-03 03:00:00,228.26000000,228.54000000,227.10000000,227.95,156002.25500000,51.37587119987249,,,
2024-12-03 04:00:00,227.95000000,229.30000000,227.35000000,228.44,134602.30900000,52.347487564425656,,,
2024-12-03 05:00:00,228.44000000,228.60000000,227.17000000,228.11,113407.71900000,51.59967544221945,,,
2024-12-03 06:00:00,228.11000000,230.98000000,226.40000000,227.16,230183.28700000,49.41132193058865,,,
2024-12-03 07:00:00,227.16000000,227.95000000,225.14000000,226.92,316048.61900000,48.84770119753003,,,
2024-12-03 08:00:00,226.92000000,228.50000000,225.74000000,226.96,150960.60100000,48.95221432136144,SOLUSDT,0.00031454,227.12000000
2024-12-03 09:00:00,226.95000000,226.95000000,223.80000000,224.91,194575.82600000,43.99140988283613,,,
2024-12-03 10:00:00,224.91000000,226.04000000,222.90000000,223.26,155186.62600000,40.439211510807475,,,
2024-12-03 11:00:00,223.26000000,225.96000000,223.00000000,225.59,136852.40000000,46.95317587402897,,,
2024-12-03 12:00:00,225.58000000,225.70000000,223.80000000,224.28,151395.32700000,44.03706920878287,,,
2024-12-03 13:00:00,224.28000000,224.70000000,215.73000000,218.24,641228.07000000,33.65765920380082,,,
2024-12-03 14:00:00,218.24000000,224.51000000,215.00000000,224.26,762192.46800000,47.052657510010185,,,
2024-12-03 15:00:00,224.26000000,226.34000000,222.05000000,223.22,420551.27900000,45.349155662035386,,,
2024-12-03 16:00:00,223.21000000,225.09000000,221.51000000,223.0,245677.68200000,44.9781893731852,SOLUSDT,0.00030312,223.39278797
2024-12-03 17:00:00,222.99000000,224.73000000,220.27000000,224.6,228575.98800000,48.29112010358974,,,
2024-12-03 18:00:00,224.60000000,227.58000000,223.78000000,227.05,179206.67400000,52.96159311777341,,,
2024-12-03 19:00:00,227.05000000,228.43000000,224.62000000,228.16,206526.10200000,54.94705038427444,,,
2024-12-03 20:00:00,228.16000000,230.10000000,227.73000000,228.63,253221.44700000,55.797818500391976,,,
2024-12-03 21:00:00,228.64000000,239.60000000,227.87000000,237.47,899582.52600000,68.02726608496218,,,
2024-12-03 22:00:00,237.47000000,237.80000000,234.34000000,236.8,325450.75600000,66.52497165937713,,,
2024-12-03 23:00:00,236.80000000,236.86000000,228.80000000,233.92,281564.04500000,60.35494210646606,,,
2024-12-04 00:00:00,233.92000000,239.60000000,233.92000000,237.46,254736.37700000,64.69000728527507,SOLUSDT,0.00035501,234.09000000
2024-12-04 01:00:00,237.46000000,239.58000000,235.80000000,239.15,303596.39700000,66.56940546294395,,,
2024-12-04 02:00:00,239.14000000,240.60000000,235.09000000,235.94,312851.17800000,60.033335960139944,,,
2024-12-04 03:00:00,235.93000000,239.04000000,235.69000000,237.7,163604.92200000,62.223401694984695,,,
2024-12-04 04:00:00,237.70000000,238.28000000,236.61000000,237.77,123718.78200000,62.31185906469044,,,
2024-12-04 05:00:00,237.76000000,241.00000000,237.57000000,237.95,217611.31100000,62.55466985678152,,,
2024-12-04 06:00:00,237.94000000,238.36000000,235.79000000,237.76,136276.16000000,62.09987060150082,,,
2024-12-04 07:00:00,237.76000000,237.86000000,236.25000000,236.58,99598.44700000,59.22019901812028,,,
2024-12-04 08:00:00,236.57000000,237.28000000,235.02000000,235.67,195892.23400000,57.02408609454427,SOLUSDT,0.00023264,236.79861245
2024-12-04 09:00:00,235.67000000,237.30000000,235.38000000,235.58,122820.65000000,56.79974080285803,,,
2024-12-04 10:00:00,235.58000000,237.87000000,235.26000000,236.67,150443.47500000,58.90827971804622,,,
2024-12-04 11:00:00,236.67000000,237.37000000,235.52000000,235.98,109036.02200000,57.01129661419484,,,
2024-12-04 12:00:00,235.98000000,236.15000000,231.70000000,232.67,240447.76600000,48.879645191858764,,,
2024-12-04 13:00:00,232.68000000,233.47000000,230.59000000,231.22,164030.87800000,45.797957413566195,,,
2024-12-04 14:00:00,231.22000000,233.74000000,229.92000000,232.26,212133.91700000,48.31491471940045,,,
2024-12-04 15:00:00,232.25000000,235.14000000,230.29000000,233.72,251616.06600000,51.70540806584359,,,
2024-12-04 16:00:00,233.73000000,234.04000000,224.82000000,225.76,416423.86600000,37.32807942440201,SOLUSDT,0.00036215,233.95235681
2024-12-04 17:00:00,225.76000000,229.36000000,224.67000000,229.05,275861.28800000,44.23057179740074,,,
2024-12-04 18:00:00,229.06000000,231.03000000,228.19000000,229.96,204546.83200000,46.00206804453726,,,
2024-12-04 19:00:00,229.96000000,232.86000000,229.50000000,232.67,143200.53700000,50.99438834120663,,,
2024-12-04 20:00:00,232.68000000,236.23000000,230.17000000,232.69,289536.18600000,51.03037135311033,,,
2024-12-04 21:00:00,232.68000000,234.45000000,229.44000000,229.6,217752.71300000,45.47472096305133,,,
2024-12-04 22:00:00,229.59000000,231.69000000,228.89000000,229.02,127749.01000000,44.49550934050065,,,
2024-12-04 23:00:00,229.02000000,229.46000000,225.78000000,229.15,233379.19100000,44.78251021388545,,,
2024-12-05 00:00:00,229.15000000,229.66000000,226.03000000,226.27,146125.31300000,39.864643036007294,,,
2024-12-05 01:00:00,226.27000000,226.74000000,222.95000000,225.77,281119.83200000,39.06261079314787,,,
2024-12-05 02:00:00,225.77000000,235.31000000,225.43000000,231.51,390522.42000000,51.20056094492044,,,
2024-12-05 03:00:00,231.50000000,238.59000000,231.46000000,232.93,546249.99600000,53.65969137193077,,,
2024-12-05 04:00:00,232.92000000,238.23000000,232.74000000,236.71,276664.37100000,59.509104013421386,,,
2024-12-05 05:00:00,236.71000000,237.25000000,233.09000000,234.89,222278.50500000,55.85343003114103,,,
2024-12-05 06:00:00,234.90000000,235.42000000,231.39000000,233.55,200345.06600000,53.25926666306833,,,
2024-12-05 07:00:00,233.56000000,235.01000000,233.24000000,233.89,146603.31600000,53.845033413615866,,,
2024-12-05 08:00:00,233.90000000,236.48000000,233.51000000,235.66,184250.48600000,56.874996714992044,SOLUSDT,0.00055995,234.06583005
2024-12-05 09:00:00,235.65000000,238.00000000,234.64000000,237.56,258995.24300000,59.91689899607452,,,
2024-12-05 10:00:00,237.57000000,239.50000000,236.78000000,236.86,209160.09100000,58.28569886383209,,,
2024-12-05 11:00:00,236.86000000,242.37000000,236.57000000,241.79,273284.19600000,65.42497234261799,,,
2024-12-05 12:00:00,241.79000000,244.77000000,241.10000000,241.35,496751.34400000,64.36616457576051,,,
2024-12-05 13:00:00,241.34000000,242.14000000,239.40000000,240.16,258472.44300000,61.46877370088342,,,
2024-12-05 14:00:00,240.16000000,241.38000000,238.12000000,240.97,355131.68500000,62.69956960005131,,,
2024-12-05 15:00:00,240.97000000,241.85000000,236.21000000,239.06,422204.17900000,57.995231493412355,,,
2024-12-05 16:00:00,239.07000000,242.93000000,237.52000000,239.53,311219.36500000,58.81413241668478,SOLUSDT,0.0005091,239.24000000
2024-12-05 17:00:00,239.53000000,240.75000000,238.75000000,239.97,213042.38400000,59.60803505975662,,,
2024-12-05 18:00:00,239.97000000,240.23000000,235.99000000,236.4,216638.82500000,51.01549853358717,,,
2024-12-05 19:00:00,236.41000000,237.05000000,232.35000000,233.07,288801.62200000,44.562691274766856,,,
2024-12-05 20:00:00,233.08000000,233.77000000,229.49000000,233.06,419855.69400000,44.54446991415414,,,
2024-12-05 21:00:00,233.04000000,234.21000000,232.08000000,233.83,146737.79200000,46.36311659960119,,,
2024-12-05 22:00:00,233.83000000,235.05000000,225.00000000,235.04,557378.45400000,49.183373273472114,,,
2024-12-05 23:00:00,235.05000000,240.65000000,232.77000000,235.84,569717.37100000,51.0171988187306,,,
2024-12-06 00:00:00,235.84000000,242.75000000,234.31000000,242.6,424712.66400000,63.1262661600369,SOLUSDT,0.00032251,236.05000000
2024-12-06 01:00:00,242.59000000,247.00000000,239.53000000,243.79,641499.61600000,64.77700477123673,,,
2024-12-06 02:00:00,243.78000000,244.08000000,241.89000000,242.77,182731.54700000,62.20640655837159,,,
2024-12-06 03:00:00,242.78000000,242.78000000,238.34000000,241.98,240067.78100000,60.213358403077265,,,
2024-12-06 04:00:00,241.98000000,242.93000000,240.03000000,241.0,134283.49400000,57.741877568687194,,,
2024-12-06 05:00:00,241.00000000,241.85000000,238.45000000,238.65,126251.83900000,52.20801870893791,,,
2024-12-06 06:00:00,238.64000000,239.64000000,237.67000000,238.79,131664.63900000,52.50008060893829,,,
2024-12-06 07:00:00,238.80000000,239.34000000,237.76000000,239.3,125871.47700000,53.612197643071,,,
2024-12-06 08:00:00,239.31000000,240.51000000,237.86000000,237.86,156802.33800000,50.049075736593494,SOLUSDT,0.00032302,239.47367249
2024-12-06 09:00:00,237.85000000,237.95000000,235.15000000,235.59,223415.25100000,44.9746918826943,,,
2024-12-06 10:00:00,235.59000000,236.10000000,234.04000000,235.7,147158.32700000,45.264299145832425,,,
2024-12-06 11:00:00,235.69000000,236.13000000,233.61000000,234.13,140492.73300000,41.876562501883846,,,
2024-12-06 12:00:00,234.12000000,235.39000000,230.94000000,231.27,206321.28400000,36.51516322059093,,,
2024-12-06 13:00:00,231.27000000,235.11000000,230.92000000,234.56,262242.23800000,45.20588059957456,,,
2024-12-06 14:00:00,234.56000000,237.99000000,233.42000000,237.97,249400.33700000,52.468746879925824,,,
2024-12-06 15:00:00,237.97000000,240.00000000,236.20000000,238.02,450038.19700000,52.56802319077556,,,
2024-12-06 16:00:00,238.01000000,238.96000000,237.04000000,238.81,182697.37500000,54.195867257467555,SOLUSDT,0.00012425,238.12641675
2024-12-06 17:00:00,238.80000000,240.43000000,238.23000000,239.08,259884.54200000,54.767235455262565,,,
2024-12-06 18:00:00,239.08000000,240.20000000,238.47000000,238.92,226396.56100000,54.33469223154248,,,
2024-12-06 19:00:00,238.92000000,240.06000000,238.60000000,239.7,121374.04000000,56.15276076774306,,,
2024-12-06 20:00:00,239.70000000,240.73000000,237.58000000,238.25,163897.46900000,52.00753477300896,,,
2024-12-06 21:00:00,238.25000000,239.31000000,237.54000000,237.58,105169.94100000,50.16478020195991,,,
2024-12-06 22:00:00,237.59000000,238.58000000,237.02000000,237.43,104125.01000000,49.73986043840165,,,
2024-12-06 23:00:00,237.43000000,238.06000000,235.34000000,236.87,130055.12700000,48.1017238539578,,,
2024-12-07 00:00:00,236.87000000,237.44000000,235.50000000,236.43,115885.36500000,46.79760110361996,SOLUSDT,0.00041557,237.05521923
2024-12-07 01:00:00,236.43000000,237.04000000,234.81000000,235.51,91774.40600000,44.10503814635152,,,
2024-12-07 02:00:00,235.50000000,236.60000000,235.03000000,235.75,79345.92200000,44.99415574813871,,,
2024-12-07 03:00:00,235.75000000,236.11000000,234.12000000,234.86,96011.56700000,42.306596305346496,,,
2024-12-07 04:00:00,234.86000000,235.54000000,234.32000000,235.33,71958.85800000,44.20204818569308,,,
2024-12-07 05:00:00,235.34000000,236.08000000,234.86000000,235.39,65724.95900000,44.452939576315664,,,
2024-12-07 06:00:00,235.39000000,236.03000000,234.63000000,235.97,53485.34100000,46.93677364801677,,,
2024-12-07 07:00:00,235.96000000,236.59000000,235.28000000,236.21,78443.05000000,47.97347636931354,,,
2024-12-07 08:00:00,236.21000000,236.48000000,235.01000000,235.95,62924.07900000,46.90437056344275,SOLUSDT,0.00034529,236.36000000
2024-12-07 09:00:00,235.96000000,238.79000000,235.93000000,238.75,180715.60400000,57.80895553556364,,,
2024-12-07 10:00:00,238.76000000,239.36000000,237.13000000,238.4,119929.85000000,56.253719511981636,,,
2024-12-07 11:00:00,238.40000000,239.21000000,237.98000000,238.15,88738.95600000,55.11317236580781,,,
2024-12-07 12:00:00,238.15000000,238.73000000,237.17000000,238.26,94074.23900000,55.540308003904194,,,
2024-12-07 13:00:00,238.26000000,239.54000000,237.50000000,239.35,105227.24000000,59.638846009017385,,,
2024-12-07 14:00:00,239.35000000,242.90000000,237.61000000,242.62,303044.49600000,68.9010473609093,,,
2024-12-07 15:00:00,242.62000000,243.20000000,239.72000000,240.84,233867.37500000,60.731108870086445,,,
2024-12-07 16:00:00,240.85000000,242.23000000,238.88000000,241.98,162841.37600000,63.699841064215434,SOLUSDT,0.00038467,241.01000000
2024-12-07 17:00:00,241.99000000,242.15000000,239.79000000,241.01,113690.42700000,59.572949538375184,,,
2024-12-07 18:00:00,241.01000000,242.40000000,240.16000000,241.87,125201.94300000,61.92800806844359,,,
2024-12-07 19:00:00,241.87000000,242.54000000,240.37000000,241.67,127184.46000000,61.037490390454124,,,
2024-12-07 20:00:00,241.67000000,243.00000000,240.60000000,241.18,155564.19100000,58.80633253781736,,,
2024-12-07 21:00:00,241.18000000,243.08000000,239.99000000,241.56,153193.15700000,60.02665967615518,,,
2024-12-07 22:00:00,241.56000000,243.61000000,238.39000000,238.67,140375.92600000,48.3061354919756,,,
2024-12-07 23:00:00,238.67000000,240.16000000,237.83000000,238.14,114418.65100000,46.51249577343221,,,
2024-12-08 00:00:00,238.14000000,239.46000000,237.60000000,239.07,98947.09100000,50.019416898082454,SOLUSDT,0.00045069,238.30000000
2024-12-08 01:00:00,239.06000000,240.09000000,238.38000000,239.3,103011.56600000,50.87721720379414,,,
2024-12-08 02:00:00,239.30000000,241.37000000,239.21000000,241.2,94800.81600000,57.38402210269289,,,
2024-12-08 03:00:00,241.19000000,241.51000000,240.16000000,240.66,78465.71100000,55.14818138480456,,,
2024-12-08 04:00:00,240.67000000,241.07000000,238.40000000,238.42,92102.61200000,46.97236315049924,,,
2024-12-08 05:00:00,238.41000000,239.03000000,236.61000000,237.25,110144.00500000,43.35677057881391,,,
2024-12-08 06:00:00,237.25000000,238.54000000,236.60000000,238.12,82497.20300000,46.64548616706461,,,
2024-12-08 07:00:00,238.13000000,238.90000000,237.39000000,237.6,56227.55800000,44.9650494558479,,,
2024-12-08 08:00:00,237.60000000,237.78000000,234.91000000,234.93,163602.12300000,37.49564514067159,SOLUSDT,0.00019374,237.74000000
2024-12-08 09:00:00,234.94000000,236.06000000,233.22000000,233.9,169861.69300000,35.075062089762696,,,
2024-12-08 10:00:00,233.90000000,235.54000000,233.84000000,235.21,92391.59300000,40.3494533148446,,,
2024-12-08 11:00:00,235.20000000,236.49000000,234.74000000,235.96,79020.78000000,43.194727327127524,,,
2024-12-08 12:00:00,235.95000000,236.67000000,234.69000000,236.02,108054.76900000,43.42721071788969,,,
2024-12-08 13:00:00,236.03000000,237.64000000,235.35000000,237.33,104584.84300000,48.393295584414126,,,
2024-12-08 14:00:00,237.34000000,237.48000000,235.69000000,235.77,69844.55400000,43.49663307595679,,,
2024-12-08 15:00:00,235.77000000,237.50000000,234.47000000,237.35,116888.20200000,49.11280807422015,,,
2024-12-08 16:00:00,237.34000000,237.68000000,235.56000000,235.87,103325.78100000,44.63719520442981,SOLUSDT,0.00013754,237.53000000
2024-12-08 17:00:00,235.87000000,236.70000000,235.00000000,236.65,97152.02800000,47.35984914144131,,,
2024-12-08 18:00:00,236.65000000,236.79000000,235.06000000,235.15,57396.72200000,42.982168996453844,,,
2024-12-08 19:00:00,235.15000000,236.74000000,234.09000000,236.51,74253.72000000,47.702246031242765,,,
2024-12-08 20:00:00,236.51000000,236.67000000,235.20000000,235.32,48306.49300000,44.250422741337054,,,
2024-12-08 21:00:00,235.32000000,235.86000000,234.60000000,235.68,88604.93700000,45.534443066094575,,,
2024-12-08 22:00:00,235.67000000,236.72000000,235.33000000,236.67,43298.14100000,49.01231054023173,,,
2024-12-08 23:00:00,236.66000000,237.75000000,235.85000000,237.02,90054.61000000,50.22246824814408,,,
2024-12-09 00:00:00,237.02000000,237.28000000,233.00000000,233.69,180891.38600000,40.39821247383785,SOLUSDT,0.00025945,237.23141997
2024-12-09 01:00:00,233.68000000,234.85000000,231.75000000,232.33,147181.78100000,37.197852472836196,,,
2024-12-09 02:00:00,232.34000000,232.97000000,231.00000000,231.94,153271.61700000,36.3095358996804,,,
2024-12-09 03:00:00,231.95000000,232.82000000,230.17000000,231.83,119122.46100000,36.048052295192726,,,
2024-12-09 04:00:00,231.82000000,232.59000000,230.62000000,232.5,123869.54100000,38.932741248117985,,,
2024-12-09 05:00:00,232.50000000,232.80000000,231.77000000,232.53,77535.53900000,39.06527948059079,,,
2024-12-09 06:00:00,232.54000000,232.59000000,230.19000000,230.49,156752.94500000,33.70784005073007,,,
2024-12-09 07:00:00,230.48000000,232.37000000,228.11000000,231.59,251177.56500000,38.59771828861524,,,
2024-12-09 08:00:00,231.59000000,231.82000000,226.30000000,226.61,211613.12300000,28.388375991462738,SOLUSDT,0.00015891,231.68000000
2024-12-09 09:00:00,226.60000000,228.07000000,225.49000000,226.84,225010.48000000,29.318255271801718,,,
2024-12-09 10:00:00,226.85000000,228.11000000,226.40000000,227.96,93333.19100000,33.824503647450186,,,
2024-12-09 11:00:00,227.96000000,227.96000000,225.29000000,225.99,157648.92600000,30.179838284494977,,,
2024-12-09 12:00:00,225.99000000,227.83000000,225.00000000,227.68,167505.93500000,36.50101818576104,,,
2024-12-09 13:00:00,227.67000000,229.81000000,226.73000000,229.06,141337.00900000,41.18367420510379,,,
2024-12-09 14:00:00,229.07000000,231.76000000,228.19000000,230.73,200113.47500000,46.34062700626586,,,
2024-12-09 15:00:00,230.73000000,231.74000000,222.89000000,224.29,780899.02700000,33.97097761003754,,,
2024-12-09 16:00:00,224.30000000,226.15000000,223.25000000,224.48,260441.30000000,34.52626145845855,,,
2024-12-09 17:00:00,224.48000000,225.58000000,223.06000000,223.06,166375.38200000,32.33746407867905,,,
2024-12-09 18:00:00,223.07000000,225.10000000,223.07000000,224.35,108720.45800000,36.28891897015438,,,
2024-12-09 19:00:00,224.35000000,224.35000000,221.70000000,221.95,221404.12900000,32.4876134071779,,,
2024-12-09 20:00:00,221.95000000,225.75000000,218.38000000,219.41,731289.01500000,29.022619205659865,,,
2024-12-09 21:00:00,219.40000000,220.57000000,203.00000000,218.0,1447852.91600000,27.283027441554694,,,
2024-12-09 22:00:00,218.01000000,218.74000000,204.85000000,217.87,1031733.70700000,27.121615664232692,,,
2024-12-09 23:00:00,217.86000000,219.56000000,216.01000000,216.63,236502.80000000,25.567801547699958,,,
2024-12-10 00:00:00,216.62000000,221.06000000,213.61000000,217.74,426464.69000000,29.463483473475776,,,
2024-12-10 01:00:00,217.74000000,219.39000000,215.81000000,218.93,230326.63400000,33.482913986811226,,,
2024-12-10 02:00:00,218.93000000,218.95000000,212.83000000,212.87,335894.90900000,25.510639979590948,,,
2024-12-10 03:00:00,212.87000000,215.80000000,206.96000000,215.8,587036.96700000,33.72692962559573,,,
2024-12-10 04:00:00,215.79000000,216.37000000,212.14000000,216.16,254131.28000000,34.68026449713696,,,
2024-12-10 05:00:00,216.16000000,216.87000000,214.49000000,216.34,145234.28900000,35.18232553625407,,,
2024-12-10 06:00:00,216.34000000,218.74000000,215.51000000,218.17,160230.25600000,40.21359749052939,,,
2024-12-10 07:00:00,218.18000000,218.19000000,215.82000000,217.34,114299.01700000,38.74464509902762,,,
2024-12-10 08:00:00,217.33000000,217.85000000,215.48000000,217.19,139699.45900000,38.47113857901908,SOLUSDT,0.0001,217.32000000
2024-12-10 09:00:00,217.19000000,218.59000000,216.03000000,217.03,166153.80100000,38.161683984961,,,
2024-12-10 10:00:00,217.04000000,218.44000000,216.94000000,217.19,131023.21300000,38.69276200675322,,,
2024-12-10 11:00:00,217.19000000,217.37000000,215.08000000,216.21,121620.45800000,36.61837167603324,,,
2024-12-10 12:00:00,216.21000000,216.72000000,210.27000000,211.41,332426.60800000,28.545931840687018,,,
2024-12-10 13:00:00,211.41000000,215.36000000,211.10000000,214.45,315681.81100000,37.88529466001143,,,
2024-12-10 14:00:00,214.45000000,218.60000000,214.41000000,216.6,453640.38900000,43.508959400145834,,,
2024-12-10 15:00:00,216.60000000,217.89000000,206.27000000,206.55,690424.13300000,29.887430481742683,,,
2024-12-10 16:00:00,206.58000000,211.40000000,205.04000000,210.81,709623.52700000,38.65456431498345,SOLUSDT,0.0001,206.48000000
2024-12-10 17:00:00,210.82000000,211.19000000,203.70000000,203.75,517524.25700000,31.60187983095713,,,
2024-12-10 18:00:00,203.75000000,210.95000000,203.21000000,209.28,408641.14900000,40.72476249391479,,,
2024-12-10 19:00:00,209.29000000,212.77000000,209.01000000,212.1,193627.40800000,44.77023955617488,,,
2024-12-10 20:00:00,212.09000000,213.76000000,211.34000000,213.49,143566.98700000,46.70116082375228,,,
2024-12-10 21:00:00,213.50000000,216.29000000,212.95000000,213.21,213987.76900000,46.349628248162176,,,
2024-12-10 22:00:00,213.22000000,214.83000000,212.64000000,214.48,113736.27400000,48.25228079304233,,,
2024-12-10 23:00:00,214.49000000,215.19000000,212.97000000,213.6,113712.44500000,47.008268589239435,,,
2024-12-11 00:00:00,213.60000000,215.54000000,211.51000000,215.05,202251.22400000,49.32650471516483,SOLUSDT,0.0001,213.58995756
2024-12-11 01:00:00,215.04000000,216.46000000,211.54000000,212.03,455717.24900000,44.918903166910695,,,
2024-12-11 02:00:00,212.03000000,217.11000000,211.66000000,215.98,319858.14200000,51.076538906637104,,,
2024-12-11 03:00:00,215.97000000,219.40000000,215.80000000,219.39,179373.87800000,55.68258040677498,,,
2024-12-11 04:00:00,219.39000000,219.93000000,217.94000000,218.76,137774.19700000,54.65871945610407,,,
2024-12-11 05:00:00,218.77000000,219.12000000,216.90000000,218.36,104240.25100000,53.980048872569334,,,
2024-12-11 06:00:00,218.37000000,220.32000000,217.94000000,219.79,106652.65100000,56.07960061820834,,,
2024-12-11 07:00:00,219.79000000,220.27000000,218.29000000,218.44,139008.38100000,53.593739262157676,,,
2024-12-11 08:00:00,218.45000000,223.00000000,218.31000000,221.97,207147.18400000,58.743531006213594,SOLUSDT,0.0001,218.40000000
2024-12-11 09:00:00,221.98000000,222.86000000,220.56000000,222.68,183725.93900000,59.71193773234606,,,
2024-12-11 10:00:00,222.67000000,224.00000000,222.57000000,223.96,190185.75000000,61.46793691244307,,,
2024-12-11 11:00:00,223.96000000,225.41000000,223.29000000,224.79,176284.73000000,62.606092372374775,,,
2024-12-11 12:00:00,224.78000000,226.64000000,224.27000000,224.82,215172.27100000,62.649037012971654,,,
2024-12-11 13:00:00,224.83000000,227.49000000,224.06000000,226.5,317970.77900000,65.06839102934609,,,
2024-12-11 14:00:00,226.50000000,227.55000000,224.95000000,227.32,311487.41100000,66.2185686668316,,,
2024-12-11 15:00:00,227.33000000,230.29000000,227.28000000,228.38,383000.32900000,67.69916534430185,,,
2024-12-11 16:00:00,228.38000000,230.51000000,228.37000000,229.37,269841.23200000,69.06296755200478,,,
2024-12-11 17:00:00,229.37000000,230.32000000,227.40000000,228.05,151104.98200000,65.11526967598131,,,
2024-12-11 18:00:00,228.05000000,228.94000000,227.29000000,228.45,227439.37200000,65.75408913680086,,,
2024-12-11 19:00:00,228.45000000,229.93000000,227.95000000,229.77,80834.88500000,67.84660259284706,,,
2024-12-11 20:00:00,229.78000000,230.65000000,228.40000000,228.98,113444.90700000,65.27590903342987,,,
2024-12-11 21:00:00,228.97000000,229.40000000,228.25000000,228.99,63247.56700000,65.29383515846992,,,
2024-12-11 22:00:00,228.99000000,229.45000000,228.05000000,228.27,64445.70500000,62.780794453693154,,,
2024-12-11 23:00:00,228.27000000,228.61000000,226.77000000,227.29,88275.79200000,59.42807459331902,,,
2024-12-12 00:00:00,227.29000000,227.80000000,226.42000000,227.26,128145.62100000,59.32363190213347,,,
2024-12-12 01:00:00,227.27000000,227.80000000,225.67000000,226.08,156129.55500000,55.213311952742565,,,
2024-12-12 02:00:00,226.08000000,229.44000000,226.03000000,229.14,93551.49600000,62.47437116888591,,,
2024-12-12 03:00:00,229.15000000,231.97000000,227.69000000,230.36,186830.44100000,64.91654447933267,,,
2024-12-12 04:00:00,230.37000000,231.44000000,228.98000000,229.87,144976.64800000,63.13921233871641,,,
2024-12-12 05:00:00,229.87000000,232.98000000,229.52000000,231.31,216568.90900000,66.07848288897128,,,
2024-12-12 06:00:00,231.30000000,231.78000000,229.18000000,230.21,128610.27300000,62.01071145109303,,,
2024-12-12 07:00:00,230.21000000,231.54000000,229.79000000,230.01,99240.26200000,61.27215847443126,,,
2024-12-12 08:00:00,230.00000000,232.66000000,229.98000000,232.31,118323.65100000,66.25030139956795,SOLUSDT,0.0001,229.99000000
2024-12-12 09:00:00,232.30000000,233.53000000,231.73000000,231.77,102902.03300000,64.16488820103581,,,
2024-12-12 10:00:00,231.77000000,231.90000000,229.25000000,230.02,142271.22800000,57.81358122360235,,,
2024-12-12 11:00:00,230.02000000,230.33000000,228.30000000,229.59,125918.86000000,56.337936900570305,,,
2024-12-12 12:00:00,229.59000000,231.78000000,229.58000000,231.35,108742.04700000,60.75345934853267,,,
2024-12-12 13:00:00,231.36000000,232.60000000,228.61000000,229.97,219952.84200000,55.97362972447195,,,
2024-12-12 14:00:00,229.96000000,233.28000000,229.23000000,232.54,213293.72400000,61.97379376762285,,,
2024-12-12 15:00:00,232.54000000,232.66000000,230.16000000,231.3,171373.25300000,57.87536641753125,,,
2024-12-12 16:00:00,231.30000000,233.44000000,230.58000000,230.77,180879.67900000,56.16567012017443,,,
2024-12-12 17:00:00,230.77000000,234.30000000,230.72000000,234.03,132173.52100000,63.33948537865603,,,
2024-12-12 18:00:00,234.04000000,234.69000000,231.18000000,231.41,123658.14300000,55.480847487877064,,,
2024-12-12 19:00:00,231.41000000,231.70000000,226.59000000,227.24,327873.15200000,45.751244740651025,,,
2024-12-12 20:00:00,227.25000000,229.73000000,227.11000000,228.78,117791.22100000,49.28820632814753,,,
2024-12-12 21:00:00,228.77000000,228.85000000,226.86000000,227.6,102859.46300000,46.77185580469871,,,
2024-12-12 22:00:00,227.61000000,227.62000000,226.00000000,226.01,40400.39300000,43.54578394088839,,,
